ID,Process_Title,Process_Platform,Refresh_Schedule,Process_Status,Comments,L0_Process,MSA_Owned,Compliance,FinalTable_DB,Data_Hierarchy_ID,Process_Description,Github_Link,UpdatedDate_Compliance,Modified,Modified By
164,liveramp,16,More than once a week,TRUE,,TRUE,TRUE,Good,15,294,Data files with LiveRamp identifier,NA,,1/18/2024 2:50 AM,"Durairaj, Prabhu"
165,dnb gsem data,8,Monthly,TRUE,,TRUE,TRUE,Good,9,251,D&B GSEM data estimates of employee size and revenue.,https://github.hpe.com/hpe/osrm/blob/main/code/gsem.sql,,01-02-2024 10:24,"Glander, Michael"
166,6sense,8,Daily,FALSE,,TRUE,TRUE,NA,9,227,Not Yet Added,NA,03-07-2024,03-07-2024 07:23,"Lara, Victor"
167,account classification stid and mdcp level,8,More than once a day,TRUE,,FALSE,TRUE,Good,9,294,Not Yet Added,NA,,1/18/2024 3:19 AM,"Durairaj, Prabhu"
170,idc segmentation,8,Monthly,FALSE,,TRUE,TRUE,NA,9,278,Mapping of SIC8 to IDC industry/segment.,NA,10-06-2023,10/18/2023 2:44 AM,"B, Vinutha (Global Marketing Analytics(GMA))"
171,party dimension flattned,3,Weekly,TRUE,,TRUE,TRUE,Good,9,266,EMDM Party Hierarchy from EAP Data,Not Yet Added,,10/18/2023 2:44 AM,"B, Vinutha (Global Marketing Analytics(GMA))"
172,cdr p bus sum mkt region mapping,8,Half-Yearly,TRUE,"Original Process Title was: ""cdr_p_bus_sum"".""mkt_region_mapping""",TRUE,TRUE,Good,9,295,Contact to Region mapping as of FY23.,https://github.hpe.com/hpe/Customer_Analytics/tree/main/Geo%20Mapping,,12/13/2023 2:30 AM,"Ali, Mohd Yusuf"
173,203222 cde gma data mart contact health targetaccounts remaining,8,Daily,TRUE,Original Process Title was: 203222_cde_gma_data_mart.contact_health_targetaccounts_remaining,TRUE,TRUE,Good,9,229,It holds the ABM Accounts which doesn't have contacts.,https://github.hpe.com/hpe/Customer_Analytics/tree/main/Marketing%20Universe,,1/21/2024 10:22 AM,"Ali, Mohd Yusuf"
174,HG IT Spend,8,Weekly,TRUE,Original Process Title was: 203222_cmn_competitor_installed_base.hg_it_spend,TRUE,TRUE,Good,9,242,The ultimate business to business market forecast for current annual year,NA,,1/22/2024 2:57 AM,"G, Sreejith (Global Marketing Analytics(GMA))"
175,profound data,8,Weekly,TRUE,Original Process Title was: 203222_cmn_competitor_installed_base.profound_data,TRUE,TRUE,Good,9,242,Helps to identify the cloud infrastructure presence at duns level,NA,,1/22/2024 3:10 AM,"G, Sreejith (Global Marketing Analytics(GMA))"
176,profound gduns dbi,8,Weekly,TRUE,Original Process Title was: 203222_cmn_competitor_installed_base.profound_gduns_dbi,TRUE,TRUE,Good,9,242,Helps to identify the cloud infrastructure presence at gduns level,NA,,1/22/2024 3:08 AM,"G, Sreejith (Global Marketing Analytics(GMA))"
177,abm initial base,8,Daily,TRUE,,TRUE,TRUE,Good,9,229,ABM initial base,Not Yet Added,,10/18/2023 2:44 AM,"B, Vinutha (Global Marketing Analytics(GMA))"
178,abm sic mapping,8,Yearly,TRUE,,TRUE,TRUE,Good,9,294,Not Yet Added,https://github.hpe.com/hpe/abm_targeting,,10/18/2023 2:44 AM,"B, Vinutha (Global Marketing Analytics(GMA))"
179,active mdcp ids,8,Weekly,FALSE,,TRUE,TRUE,NA,9,266,Active MDCP IDs from SFDC,NA,10-06-2023,10/18/2023 2:44 AM,"B, Vinutha (Global Marketing Analytics(GMA))"
180,akhilas partner id table,8,Monthly,TRUE,,TRUE,TRUE,Good,9,294,Not Yet Added,NA,,12-05-2023 00:42,"Muthyala, Vishruth (Global Marketing Analytics)"
181,anaplan segmentation,4,Monthly,TRUE,,TRUE,TRUE,Good,9,231,Anaplan Segmentation,Not Yet Added,,10/18/2023 2:44 AM,"B, Vinutha (Global Marketing Analytics(GMA))"
182,aprimo duplicate responses,3,Daily,TRUE,,TRUE,TRUE,Good,11,234,Duplicate responses from Athena,Not Yet Added,,10/18/2023 2:44 AM,"B, Vinutha (Global Marketing Analytics(GMA))"
183,aprimo fiscal mapping,8,Yearly,TRUE,It is a stand alone table in the Aprimo Process,FALSE,TRUE,Good,9,232,Mapping of fiscal code to quarter/year - Created yearly from CSV flat file provided by Yusuf/Kiru.,NA,,1/21/2024 11:24 PM,"Ali, Mohd Yusuf"
184,archived do not use egig app ibsv panhpe clean units v,8,Weekly,FALSE,Please use the Units and Options Table,TRUE,FALSE,NA,9,260,ARCHIVED - DO NOT USE - IBSV Unit (Do Not Use),NA,10-06-2023,2/23/2024 8:00 AM,"Varghese, Dies P"
185,archived do not use profit center,8,Daily,FALSE,,TRUE,TRUE,NA,9,276,ARCHIVED - DO NOT USE Legacy EDW Profit Center code/description table linked to Working PNL.,NA,10-06-2023,11/28/2023 12:18 AM,"B, Vinutha (Global Marketing Analytics(GMA))"
186,archived do not use profound mapping to domain,8,Yearly,FALSE,,TRUE,TRUE,NA,9,281,ARCHIVED - DO NOT USE,NA,10-06-2023,11/28/2023 12:18 AM,"B, Vinutha (Global Marketing Analytics(GMA))"
187,atam,8,Yearly,TRUE,Githut updated.,TRUE,TRUE,Good,9,262,ATAM Master table.,https://github.hpe.com/hpe/Customer_Analytics/tree/main/TAM%20Data,,2/28/2024 12:20 AM,"Muthyala, Vishruth (Global Marketing Analytics)"
188,athena accounts transfer to cdr,8,Weekly,TRUE,,TRUE,FALSE,Good,9,234,Accounts info from Athena,Not Yet Added,,10/18/2023 2:44 AM,"B, Vinutha (Global Marketing Analytics(GMA))"
189,athena transfer process sfdc,8,Weekly,TRUE,,TRUE,FALSE,Good,11,234,Transfer SFDC data from Athena to CDR,Not Yet Added,,10/18/2023 2:44 AM,"B, Vinutha (Global Marketing Analytics(GMA))"
190,athena transfer process sfdc leads,3,Daily,TRUE,,TRUE,TRUE,Good,11,234,Transfer SFDC leads from Athena to Vertica,Not Yet Added,,10/18/2023 2:44 AM,"B, Vinutha (Global Marketing Analytics(GMA))"
191,bmt custid to party mapping,8,Monthly,TRUE,,TRUE,TRUE,Good,9,255,Customer ID to Party ID mapping,Not Yet Added,,10/18/2023 2:44 AM,"B, Vinutha (Global Marketing Analytics(GMA))"
192,bundle code,8,Daily,TRUE,,TRUE,TRUE,Good,9,276,Bundle code and mapping,Not Yet Added,,10/18/2023 2:44 AM,"B, Vinutha (Global Marketing Analytics(GMA))"
193,bundle code data,8,Weekly,TRUE,,TRUE,FALSE,Good,9,277,Bundle Code Data from HPE IT Table,Not Yet Added,,10/18/2023 2:44 AM,"B, Vinutha (Global Marketing Analytics(GMA))"
194,business area hierarchy,8,Daily,TRUE,,TRUE,FALSE,Good,9,280,The Business Area (BA) product hierarchy for Sales Comp,NA,,1/18/2024 6:01 AM,"Durairaj, Prabhu"
195,business area hierarchy data,8,Weekly,TRUE,,TRUE,FALSE,Good,9,277,Business Area Hierarchy from HPE IT Table,Not Yet Added,,10/18/2023 2:44 AM,"B, Vinutha (Global Marketing Analytics(GMA))"
196,cdr p 15day sv elq email activities tmp,8,Daily,TRUE,Original Process Title was: cdr_p_15day.sv_elq_email_activities_tmp,TRUE,TRUE,Good,9,255,ELQ Email Activities like Sent/Open/Click,NA,,1/21/2024 10:25 AM,"Ali, Mohd Yusuf"
197,cdr p bus sum cdp aam contacts,8,Weekly,TRUE,Original Process Title was: cdr_p_bus_sum.cdp_aam_contacts,TRUE,FALSE,Good,9,294,Not Yet Added,NA,,1/19/2024 1:53 AM,"Muthyala, Vishruth (Global Marketing Analytics)"
198,Discover2020 registrants,8,Weekly,TRUE,Original Process Title was: cdr_p_bus_sum.cdp_discover20_registrants,TRUE,FALSE,Good,9,249,Discover2020 Registration data,NA,,1/21/2024 9:23 PM,"K Nagaraj, Kirubakaran"
199,cdr p bus sum cdp geo,8,Weekly,TRUE,Original Process Title was: cdr_p_bus_sum.cdp_geo,TRUE,FALSE,Good,9,294,Not Yet Added,NA,,1/19/2024 1:54 AM,"Muthyala, Vishruth (Global Marketing Analytics)"
200,cdr p bus sum cdpc cmi v,8,Weekly,TRUE,Original Process Title was: cdr_p_bus_sum.cdpc_cmi_v,TRUE,FALSE,Good,9,294,Not Yet Added,NA,,1/19/2024 1:55 AM,"Muthyala, Vishruth (Global Marketing Analytics)"
201,core lead datamart,8,Weekly,TRUE,Original Process Title was: cdr_p_bus_sum.core_lead_datamart,TRUE,TRUE,Good,9,233,Leads Datamart,NA,,12/19/2023 2:26 AM,"K Nagaraj, Kirubakaran"
202,core pipeline datamart,8,Weekly,TRUE,Original Process Title was: cdr_p_bus_sum.core_pipeline_datamart,TRUE,TRUE,Good,9,235,Pipeline Datamart,NA,,12/19/2023 2:25 AM,"K Nagaraj, Kirubakaran"
203,cdr p bus sum pk heartbeat contact mapping,8,Monthly,TRUE,Original Process Title was: cdr_p_bus_sum.pk_heartbeat_contact_mapping,TRUE,TRUE,Good,9,243,Contacts to Account Mapping via Address /Company/Country using Pankaj Model.,https://github.hpe.com/hpe/Customer_Analytics/tree/main/Marketing%20Universe,,1/21/2024 10:28 AM,"Ali, Mohd Yusuf"
204,cdr p bus sum webclick url pagename popularity unique map,8,More than once a day,TRUE,Original Process Title was: cdr_p_bus_sum.webclick_url_pagename_popularity_unique_map,TRUE,TRUE,Good,9,294,Not Yet Added,Not Yet Added,,10/18/2023 2:44 AM,"B, Vinutha (Global Marketing Analytics(GMA))"
205,cdr p bus sum webinar master event,8,Daily,TRUE,Original Process Title was: cdr_p_bus_sum.webinar_master_event,TRUE,TRUE,Good,9,294,Not Yet Added,Not Yet Added,,10/18/2023 2:44 AM,"B, Vinutha (Global Marketing Analytics(GMA))"
206,cic reporting,14,Quarterly,TRUE,,TRUE,TRUE,Good,9,239,CIC Model performance report,NA,,1/18/2024 6:06 AM,"Durairaj, Prabhu"
207,country to geo mapping,8,Yearly,TRUE,,TRUE,TRUE,Good,9,265,Country to GEO Mapping based on changes announced by HPE WW,NA,,1/18/2024 6:07 AM,"Durairaj, Prabhu"
208,custid to opsi mapping,4,Daily,FALSE,,TRUE,TRUE,NA,9,265,Cust ID to OPSI mapping from legacy system.,NA,10-06-2023,10/18/2023 2:44 AM,"B, Vinutha (Global Marketing Analytics(GMA))"
209,customer detailed hierarchy,8,Weekly,TRUE,,TRUE,FALSE,Good,9,277,Customer Detailed Hierarchy from HPE IT Table,Not Yet Added,,10/18/2023 2:44 AM,"B, Vinutha (Global Marketing Analytics(GMA))"
210,customer hierarchy,8,Daily,TRUE,,TRUE,TRUE,Good,9,265,Legacy customer hierarchy from EDW,Not Yet Added,,10/18/2023 2:44 AM,"B, Vinutha (Global Marketing Analytics(GMA))"
211,customer hierarchy data,8,Weekly,TRUE,,TRUE,FALSE,Good,9,277,Customer Hierarchy from HPE IT Table,Not Yet Added,,10/18/2023 2:44 AM,"B, Vinutha (Global Marketing Analytics(GMA))"
212,customer insights country mapping,8,Weekly,TRUE,,TRUE,FALSE,Good,11,232,Country mapping from Aprimo,NA,,1/18/2024 6:08 AM,"Durairaj, Prabhu"
213,customer insights fiscal calendar,8,Weekly,TRUE,,TRUE,FALSE,Good,11,232,Fiscal calendar from Aprimo,NA,,1/18/2024 6:09 AM,"Durairaj, Prabhu"
214,dnb buydex data,3,Monthly,TRUE,,TRUE,TRUE,Good,9,251,D&B BuyDex data,NA,,1/18/2024 6:10 AM,"Durairaj, Prabhu"
215,dnb mANDa activity,3,Bi-Weekly,TRUE,,TRUE,TRUE,Good,9,251,Mergers & acquisitions activity from D&B.,NA,,1/18/2024 6:11 AM,"Durairaj, Prabhu"
216,dnb worldbase,8,Monthly,TRUE,,TRUE,TRUE,Good,9,251,Worldbase foundational table for demographics,NA,,1/18/2024 6:12 AM,"Durairaj, Prabhu"
217,datamart web module 1,3,Daily,TRUE,Original Process Title was: datamart web module,FALSE,FALSE,Broken,9,232,Web module process from Aprimo activity data.,https://github.hpe.com/hpe/osrm/blob/main/code/WebModule.sql,2/15/2024,2/15/2024 5:07 AM,"B, Vinutha (Global Marketing Analytics(GMA))"
218,datamart web module 2,3,Daily,TRUE,Original Process Title was: datamart: web module,TRUE,FALSE,Good,9,240,Summary of web activity for DataMart,NA,,1/18/2024 6:13 AM,"Durairaj, Prabhu"
219,db buyer intent,3,Weekly,TRUE,,TRUE,TRUE,Good,9,251,Buyer Intent data from D&B.,NA,,1/18/2024 6:14 AM,"Durairaj, Prabhu"
220,dbo tbl cancelled detail ww,14,Weekly,TRUE,Original Process Title was: dbo.tbl_cancelled_detail_ww,TRUE,FALSE,Good,13,294,Not Yet Added,Not Yet Added,,10/18/2023 2:44 AM,"B, Vinutha (Global Marketing Analytics(GMA))"
221,dnb gca,16,Monthly,TRUE,,TRUE,TRUE,Good,15,251,DnG GCA with LiveRamp,NA,,1/18/2024 6:15 AM,"Durairaj, Prabhu"
222,dnb profound,8,Quarterly,TRUE,,TRUE,TRUE,Good,9,242,Intent data can make account-based sales and marketing campaigns more effective,https://github.hpe.com/vishruth-muthyala/DnB_Intent,,1/22/2024 3:18 AM,"G, Sreejith (Global Marketing Analytics(GMA))"
223,dnb intent2ptb,3,Monthly,TRUE,,TRUE,TRUE,Good,9,242,Intent data can make account-based sales and marketing campaigns more effective,https://github.hpe.com/vishruth-muthyala/DnB_Intent,,1/22/2024 3:17 AM,"G, Sreejith (Global Marketing Analytics(GMA))"
224,dvi topics2ptb,3,Monthly,TRUE,,TRUE,TRUE,Good,9,294,Not Yet Added,Not Yet Added,,10/18/2023 2:44 AM,"B, Vinutha (Global Marketing Analytics(GMA))"
225,eap party fact,8,Weekly,TRUE,NA,TRUE,TRUE,Good,9,266,Party ID EMDM Master Data copy from EAP to Vertica,NA,,12/13/2023 6:53 AM,"Agarwal, Tarun Kumar"
226,edw geo hierarchy,8,Daily,TRUE,,TRUE,FALSE,Good,9,265,Geo hierarchy from EDW.,NA,,1/18/2024 6:16 AM,"Durairaj, Prabhu"
227,edw working pnl monthly aggregate,8,Daily,TRUE,,TRUE,FALSE,Good,9,276,"Transactional data summed at Cust_ID, SKU, month",NA,,1/18/2024 6:17 AM,"Durairaj, Prabhu"
230,egig app frank aprimo act integrated campaigns d1,8,Weekly,TRUE,Original Process Title was: egig_app_frank.aprimo_act_integrated_campaigns_d1,TRUE,FALSE,Good,9,232,It provides the Activity ID mapped to the Integrated Campaign.,NA,,1/21/2024 10:14 AM,"Ali, Mohd Yusuf"
237,egig app frank aprimo ic strategic alignment mc,8,Weekly,TRUE,Original Process Title was: egig_app_frank.aprimo_ic_strategic_alignment_mc,TRUE,FALSE,Good,9,232,Campaign Business Unit & Business Group,NA,,1/21/2024 10:19 AM,"Ali, Mohd Yusuf"
246,egig app frank emig data equipment,8,Weekly,FALSE,This process no more exist,TRUE,FALSE,NA,9,242,Need to check the data existence,NA,1/22/2024,1/22/2024 3:22 AM,"G, Sreejith (Global Marketing Analytics(GMA))"
247,egig app frank emig data site,8,Weekly,FALSE,Process don't exist,TRUE,FALSE,NA,9,242,Process don't exist,NA,1/22/2024,2/15/2024 5:20 AM,"B, Vinutha (Global Marketing Analytics(GMA))"
249,hg it spend Frank,8,Weekly,TRUE,Original Process Title was: egig_app_frank.hg_it_spend,TRUE,FALSE,Good,9,242,The ultimate business to business market forecast for current annual year,NA,,1/22/2024 3:26 AM,"G, Sreejith (Global Marketing Analytics(GMA))"
250,Intrado user discover2020,8,Weekly,TRUE,Original Process Title was: egig_app_frank.intrado_user_discover2020,TRUE,FALSE,Good,9,249,"Discover 2020 - Presentation viewed, Survey question responses, Attended event, Registration Event information",NA,,1/21/2024 9:43 PM,"K Nagaraj, Kirubakaran"
251,Intrado user events discover2020,8,Weekly,TRUE,Original Process Title was: egig_app_frank.intrado_user_events_discover2020,TRUE,FALSE,Good,9,249,"Discover 2020 - Presentation viewed, Survey question responses, Attended event, Registration Event information",NA,,1/21/2024 9:45 PM,"K Nagaraj, Kirubakaran"
256,egig app frank relq asset name,8,Weekly,TRUE,Original Process Title was: egig_app_frank.relq_asset_name,TRUE,FALSE,Good,9,232,It has the Assets produced from Aprimo process.,NA,,1/21/2024 10:30 AM,"Ali, Mohd Yusuf"
271,fips mapping table,8,Weekly,TRUE,,TRUE,FALSE,Good,9,251,Mapping of FIPS country code.,Not Yet Added,,10/18/2023 2:44 AM,"B, Vinutha (Global Marketing Analytics(GMA))"
272,fortune 1000 ranking,8,Monthly,TRUE,,TRUE,TRUE,Good,9,251,Fortune-1000 ranking,NA,,1/18/2024 6:18 AM,"Durairaj, Prabhu"
273,gl customers quarterly,3,Monthly,TRUE,Original Process Title was: gl_customers_quarterly,TRUE,TRUE,Good,9,274,Greenlake New Customer List Flag sourced from Ranjan's team GL Team,NA,2/15/2024,2/15/2024 5:15 AM,"B, Vinutha (Global Marketing Analytics(GMA))"
274,gl orders data prep,3,Quarterly,FALSE,Original Process Title was: gl_orders_data_prep,TRUE,TRUE,NA,9,294,Not Yet Added,NA,1/19/2024,1/19/2024 2:20 AM,"Muthyala, Vishruth (Global Marketing Analytics)"
275,gl orders data 1,3,Quarterly,FALSE,Original Process Title was: gl_orders_data-1,TRUE,TRUE,NA,9,294,Not Yet Added,NA,1/19/2024,1/19/2024 2:19 AM,"Muthyala, Vishruth (Global Marketing Analytics)"
276,gl profit centre,8,Yearly,TRUE,Original Process Title was: gl_profit_centre,TRUE,TRUE,Good,9,294,Not Yet Added,NA,,1/19/2024 2:21 AM,"Muthyala, Vishruth (Global Marketing Analytics)"
277,google search console data,16,Weekly,TRUE,Vendor contact: rblackaller@msights.com; edwin.ng@msights-support.intercom-mail.com,TRUE,TRUE,Good,14,291,Google Search Console Data from Msight (Natural/Organic Search),https://github.hpe.com/schandra/insights_driven_marketing/tree/main/dml_idm_dev/media,,10/18/2023 2:44 AM,"B, Vinutha (Global Marketing Analytics(GMA))"
278,historical sales stage table,8,Weekly,FALSE,IT is not updating this table.,TRUE,FALSE,NA,9,236,Historical Sales Stage Table from BIA Central,NA,2/23/2024,2/23/2024 7:47 AM,"Varghese, Dies P"
279,historical sales stage table view,8,Weekly,TRUE,,TRUE,FALSE,Good,9,236,Historical Sales Stage Table View from BIA Central,Not Yet Added,,10/18/2023 2:44 AM,"B, Vinutha (Global Marketing Analytics(GMA))"
280,hpcom omni hit v,8,Daily,FALSE,Original Process Title was: hpcom.omni_hit_v,TRUE,FALSE,NA,8,240,Adobe CSDB table,NA,2/15/2024,2/15/2024 5:07 AM,"B, Vinutha (Global Marketing Analytics(GMA))"
281,hpcom usr bs recency frequency avg,8,Weekly,TRUE,Original Process Title was: hpcom_usr.bs_recency_frequency_avg,TRUE,FALSE,Good,8,294,Not Yet Added,NA,,1/22/2024 8:29 AM,"Agarwal, Tarun Kumar"
282,hpcom usr compatibility data,8,Weekly,TRUE,Original Process Title was: hpcom_usr.compatibility_data,TRUE,FALSE,Good,8,294,Not Yet Added,NA,,1/22/2024 9:00 AM,"Agarwal, Tarun Kumar"
283,hpcom usr dvi3 adobe clicks categorized,8,Weekly,TRUE,Original Process Title was: hpcom_usr.dvi3_adobe_clicks_categorized,TRUE,FALSE,Good,8,294,Not Yet Added,Not Yet Added,,10/18/2023 2:44 AM,"B, Vinutha (Global Marketing Analytics(GMA))"
284,hpcom usr dvi3 adobe visitor stid combined,8,Weekly,TRUE,Original Process Title was: hpcom_usr.dvi3_adobe_visitor_stid_combined,TRUE,FALSE,Good,8,294,Not Yet Added,Not Yet Added,,10/18/2023 2:44 AM,"B, Vinutha (Global Marketing Analytics(GMA))"
285,hpcom usr sv country lang discover flagged,8,Daily,FALSE,Original Process Title was: hpcom_usr.sv_country_lang_discover_flagged,TRUE,TRUE,NA,8,294,Not Yet Added,NA,1/22/2024,1/22/2024 9:04 AM,"Agarwal, Tarun Kumar"
287,ib units and options data,8,Weekly,TRUE,,TRUE,FALSE,Good,9,260,IBSV Units Data,Not Yet Added,,10/18/2023 2:44 AM,"B, Vinutha (Global Marketing Analytics(GMA))"
288,ibsv customer hierarchy table,8,Weekly,TRUE,,TRUE,FALSE,Good,9,260,IBSV Customer Hierarchy Table,Not Yet Added,,10/18/2023 2:44 AM,"B, Vinutha (Global Marketing Analytics(GMA))"
289,ibsv product hierarchy table,8,Weekly,TRUE,,TRUE,FALSE,Good,9,260,IBSV Product Hierarchy Table,Not Yet Added,,10/18/2023 2:44 AM,"B, Vinutha (Global Marketing Analytics(GMA))"
290,info sight daily,4,Daily,TRUE,Original Process Title was: info_sight_daily,TRUE,FALSE,Good,9,261,Not Yet Added,https://github.hpe.com/Marketing-DataScience-Modelling/art.git,,3/21/2024 6:47 AM,"Agarwal, Tarun Kumar"
291,iso code,8,Weekly,TRUE,,TRUE,FALSE,Good,9,277,ISO Code from HPE IT Table,Not Yet Added,,10/18/2023 2:44 AM,"B, Vinutha (Global Marketing Analytics(GMA))"
293,lead association reference table,8,Weekly,TRUE,,TRUE,FALSE,Good,9,236,Lead Association Reference Table from BIA Central,Not Yet Added,,10/18/2023 2:44 AM,"B, Vinutha (Global Marketing Analytics(GMA))"
294,lead fact table,8,Weekly,TRUE,,TRUE,FALSE,Good,9,236,Lead Fact Table from BIA Central,Not Yet Added,,10/18/2023 2:44 AM,"B, Vinutha (Global Marketing Analytics(GMA))"
295,lead opportunity linkage,8,Weekly,TRUE,,TRUE,FALSE,Good,9,236,Lead Opportunity Linkage from BIA Central,Not Yet Added,,10/18/2023 2:44 AM,"B, Vinutha (Global Marketing Analytics(GMA))"
296,legacy edw customer hierarchy,8,Weekly,TRUE,,TRUE,FALSE,Good,9,265,The legacy customer ID hierarchy including name and address,NA,,1/18/2024 6:19 AM,"Durairaj, Prabhu"
297,legacy egi rz custid to opsi mapping,8,Yearly,FALSE,,TRUE,TRUE,NA,9,265,Legacy mapping table: cust ID to OPSI Instance.,NA,10-06-2023,10/18/2023 2:44 AM,"B, Vinutha (Global Marketing Analytics(GMA))"
298,legacy mdm stid hierarchy,8,Weekly,FALSE,,TRUE,FALSE,NA,9,265,Legacy MDM hierarchy at STID level.,NA,10-06-2023,10/18/2023 2:44 AM,"B, Vinutha (Global Marketing Analytics(GMA))"
299,legacy to party mapping,8,Weekly,TRUE,,TRUE,TRUE,Good,9,294,Not Yet Added,Not Yet Added,,10/18/2023 2:44 AM,"B, Vinutha (Global Marketing Analytics(GMA))"
300,line item level opportunity,8,Weekly,TRUE,,TRUE,FALSE,Good,9,236,Line Item Level Opportunity from BIA Central,NA,,1/18/2024 6:20 AM,"Durairaj, Prabhu"
301,line item level opportunity view,8,Weekly,TRUE,,TRUE,FALSE,Good,9,236,Line Item Level Opportunity View from BIA Central,Not Yet Added,,10/18/2023 2:44 AM,"B, Vinutha (Global Marketing Analytics(GMA))"
302,losing parties,8,Weekly,TRUE,,TRUE,TRUE,Good,9,294,Not Yet Added,NA,,1/22/2024 8:43 AM,"Agarwal, Tarun Kumar"
303,mdm excel file copied to vertica,8,Daily,TRUE,,TRUE,TRUE,Good,9,266,Valid Sales Territory ID's from MDM Team,NA,,1/18/2024 6:21 AM,"Durairaj, Prabhu"
304,mg iso mapping,3,Weekly,TRUE,Original Process Title was: mg_iso_mapping,TRUE,TRUE,Good,9,294,Not Yet Added,NA,,12-05-2023 00:12,"Muthyala, Vishruth (Global Marketing Analytics)"
305,mru description,8,Daily,TRUE,It is a stand alone table in the process of building the Aprimo Datamart,TRUE,FALSE,Good,9,232,MRU description table from Aprimo,NA,,1/21/2024 11:27 PM,"Ali, Mohd Yusuf"
306,naics industry mapping,8,Monthly,TRUE,,TRUE,TRUE,Good,9,251,NAICS industry code by site,NA,,1/18/2024 6:23 AM,"Durairaj, Prabhu"
307,opportunity campaign combined,8,Weekly,TRUE,,TRUE,FALSE,Good,9,236,Opportunity Campaign Combined from BIA Central,Not Yet Added,,10/18/2023 2:44 AM,"B, Vinutha (Global Marketing Analytics(GMA))"
308,opportunity combined fact table,8,Weekly,TRUE,,TRUE,FALSE,Good,9,236,Opportunity Combined Fact Table from BIA Central,Not Yet Added,,10/18/2023 2:44 AM,"B, Vinutha (Global Marketing Analytics(GMA))"
309,opportunity combined table,8,Weekly,TRUE,,TRUE,FALSE,Good,9,236,Opportunity Combined Table from BIA Central,NA,,1/18/2024 6:24 AM,"Durairaj, Prabhu"
310,opportunity combined view,8,Weekly,TRUE,,TRUE,FALSE,Good,9,236,Opportunity Combined View from BIA Central,Not Yet Added,,10/18/2023 2:44 AM,"B, Vinutha (Global Marketing Analytics(GMA))"
311,opportunity competitor table,8,Weekly,TRUE,,TRUE,FALSE,Good,9,236,Opportunity Competitor Table from BIA Central,Not Yet Added,,10/18/2023 2:44 AM,"B, Vinutha (Global Marketing Analytics(GMA))"
312,opportunity coverage combined,8,Weekly,TRUE,,TRUE,FALSE,Good,9,236,Opportunity Coverage Combined from BIA Central,Not Yet Added,,10/18/2023 2:44 AM,"B, Vinutha (Global Marketing Analytics(GMA))"
313,opportunity fact table,8,Weekly,TRUE,,TRUE,FALSE,Good,9,236,Opportunity Fact Table from BIA Central,Not Yet Added,,10/18/2023 2:44 AM,"B, Vinutha (Global Marketing Analytics(GMA))"
314,EComm Orbit Data,5,Weekly,TRUE,Original Process Title was: orbitdbo.v_order_detail_raw_data_ww,TRUE,FALSE,Good,18,272,Ecomm Data,NA,,1/19/2024 2:57 AM,"Muthyala, Vishruth (Global Marketing Analytics)"
315,paid media classification table raw data,16,More than once a week,TRUE,Vendor contact: rblackaller@msights.com; edwin.ng@msights-support.intercom-mail.com,TRUE,TRUE,Good,14,291,Paid media classification table Raw Data from Msight,https://github.hpe.com/schandra/insights_driven_marketing/tree/main/dml_idm_dev/media,,10/18/2023 2:44 AM,"B, Vinutha (Global Marketing Analytics(GMA))"
316,paid media raw data,16,More than once a week,TRUE,Vendor contact: rblackaller@msights.com; edwin.ng@msights-support.intercom-mail.com,TRUE,TRUE,Good,14,291,Paid media Raw Data from Msight,https://github.hpe.com/schandra/insights_driven_marketing/tree/main/dml_idm_dev/media,,10/18/2023 2:44 AM,"B, Vinutha (Global Marketing Analytics(GMA))"
317,party hierarchy,8,Weekly,TRUE,,TRUE,TRUE,Good,9,294,Not Yet Added,NA,,1/22/2024 8:44 AM,"Agarwal, Tarun Kumar"
318,party to mdcp mapping,8,Weekly,TRUE,,TRUE,TRUE,Good,9,294,Not Yet Added,NA,,1/22/2024 8:43 AM,"Muthyala, Vishruth (Global Marketing Analytics)"
319,pipeline customer hierarchy,8,Weekly,TRUE,,TRUE,FALSE,Good,9,236,Pipeline Customer Hierarchy from BIA Central,Not Yet Added,,10/18/2023 2:44 AM,"B, Vinutha (Global Marketing Analytics(GMA))"
320,pipeline geo hierarchy,8,Weekly,TRUE,,TRUE,FALSE,Good,9,236,Pipeline Geo Hierarchy from BIA Central,Not Yet Added,,10/18/2023 2:44 AM,"B, Vinutha (Global Marketing Analytics(GMA))"
321,pipeline line item level data,8,Weekly,TRUE,,TRUE,FALSE,Good,9,236,Pipeline Line Item Level Data,NA,,2/28/2024 12:21 AM,"Muthyala, Vishruth (Global Marketing Analytics)"
322,pipeline source,8,More than once a day,TRUE,,TRUE,FALSE,Good,13,294,Not Yet Added,Not Yet Added,,10/18/2023 2:44 AM,"B, Vinutha (Global Marketing Analytics(GMA))"
323,product hierarchy,8,Weekly,TRUE,,TRUE,FALSE,Good,9,280,Product Hierarchy from EDW Pro,Not Yet Added,,10/18/2023 2:44 AM,"B, Vinutha (Global Marketing Analytics(GMA))"
324,product line item,8,Weekly,TRUE,,TRUE,FALSE,Good,9,277,Product Line Item from HPE IT Table,Not Yet Added,,10/18/2023 2:44 AM,"B, Vinutha (Global Marketing Analytics(GMA))"
325,profit center hierarchy,8,Weekly,TRUE,,TRUE,FALSE,Good,9,277,Profit Center Hierarchy from HPE IT Table,Not Yet Added,,10/18/2023 2:44 AM,"B, Vinutha (Global Marketing Analytics(GMA))"
326,related opportunity table,8,Weekly,TRUE,,TRUE,FALSE,Good,9,236,Related Opportunity Table from BIA Central,Not Yet Added,,10/18/2023 2:44 AM,"B, Vinutha (Global Marketing Analytics(GMA))"
327,route to market,8,Weekly,TRUE,,TRUE,FALSE,Good,9,277,Route to Market from HPE IT Table,Not Yet Added,,10/18/2023 2:44 AM,"B, Vinutha (Global Marketing Analytics(GMA))"
328,sales campaign detail table,8,Weekly,TRUE,,TRUE,FALSE,Good,9,236,Sales Campaign Detail Table from BIA Central,Not Yet Added,,10/18/2023 2:44 AM,"B, Vinutha (Global Marketing Analytics(GMA))"
329,sales campaign fact table,8,Weekly,TRUE,,TRUE,FALSE,Good,9,236,Sales Campaign Fact Table from BIA Central,Not Yet Added,,10/18/2023 2:44 AM,"B, Vinutha (Global Marketing Analytics(GMA))"
330,sales channel,8,Daily,TRUE,,TRUE,TRUE,Good,9,276,Sales Channel code and mapping,NA,,1/18/2024 6:25 AM,"Durairaj, Prabhu"
331,sales opportunity combined fact table,8,Weekly,TRUE,,TRUE,FALSE,Good,9,236,Sales Opportunity Combined Fact Table from BIA Central,NA,,1/18/2024 6:26 AM,"Durairaj, Prabhu"
332,sales roster anaplan,3,Daily,TRUE,,TRUE,TRUE,Good,9,231,Not Yet Added,Not Yet Added,,10/18/2023 2:44 AM,"B, Vinutha (Global Marketing Analytics(GMA))"
333,seo raw data for organic search,16,Monthly,TRUE,,TRUE,TRUE,Good,15,291,search engine optimization Raw data for Natural/Organic Search,NA,,1/18/2024 6:30 AM,"Durairaj, Prabhu"
334,site instance hierarchy,8,Weekly,TRUE,,TRUE,FALSE,Good,9,236,Site Instance Hierarchy from BIA Central,NA,,1/18/2024 6:31 AM,"Durairaj, Prabhu"
335,ultimate duns domain mapping,8,Monthly,TRUE,,FALSE,TRUE,Good,9,251,Temporary table holding domains at UDUNS level,NA,,1/18/2024 8:12 AM,"Durairaj, Prabhu"
336,vendor mapping from aprimo,8,Weekly,TRUE,It is a island table in the process of building Aprimo Datamart.,TRUE,FALSE,Good,9,232,Vendor mapping from Aprimo,NA,,1/21/2024 11:28 PM,"Ali, Mohd Yusuf"
337,winning parties,8,Weekly,TRUE,,TRUE,TRUE,Good,9,294,Not Yet Added,NA,,1/22/2024 8:44 AM,"Muthyala, Vishruth (Global Marketing Analytics)"
338,working pANDl,8,Weekly,TRUE,,TRUE,FALSE,Good,9,277,Working P&L from HPE IT Table,Not Yet Added,,10/18/2023 2:44 AM,"B, Vinutha (Global Marketing Analytics(GMA))"
339,dve2020 recommendations,6,Daily,FALSE,GitHub link - Not Available,FALSE,TRUE,Broken,9,249,Discover 2020 recommendations,NA,10-06-2023,2/28/2024 12:18 AM,"Muthyala, Vishruth (Global Marketing Analytics)"
340,leads aprimo datamart,3,Daily,TRUE,Github Link - Not Yet Added,FALSE,TRUE,Good,9,232,Loading Leads data from Frank Aprimo  into GMA Data mart.,NA,,1/18/2024 6:34 AM,"Durairaj, Prabhu"
341,Pipeline Table,3,Daily,TRUE,Github Link : Not Yet Added,FALSE,TRUE,Good,9,236,Data from biacentral pipelinesource,NA,,10/18/2023 2:44 AM,"B, Vinutha (Global Marketing Analytics(GMA))"
342,party info aggregate,3,Weekly,TRUE,,FALSE,TRUE,Good,9,266,Aggregate table of Party ID info from EAP.,https://github.hpe.com/hpe/osrm/blob/main/code/EAP_Customer_Hierarchy.sql,,10/18/2023 2:44 AM,"B, Vinutha (Global Marketing Analytics(GMA))"
343,poi,8,More than once a day,TRUE,Github Link : Not Yet Added,FALSE,TRUE,Good,11,294,Not Yet Added,NA,,10/18/2023 2:44 AM,"B, Vinutha (Global Marketing Analytics(GMA))"
344,expired ib contract units,3,Weekly,TRUE,GitHub Link Not Yet Added,FALSE,TRUE,Good,9,260,Expired IB Contracts,NA,,10/18/2023 2:44 AM,"B, Vinutha (Global Marketing Analytics(GMA))"
345,persona labelling automation,14,Weekly,TRUE,Github Link - Not Yet Added,FALSE,TRUE,Good,9,279,Identify HPE marketing personas for the contacts based on their job titles.,https://github.hpe.com/Marketing-DataScience-Modelling/persona_labelling_automation,,01-05-2024 13:40,"Zhang, Lili"
346,203222 cmn competitor installed base discoverorg dex company tech,8,Monthly,FALSE,Github Link - Not Yet Added,FALSE,TRUE,Broken,11,242,Process is not active as the vendor subscription is cancelled,NA,10-06-2023,1/17/2024 11:21 PM,"G, Sreejith (Global Marketing Analytics(GMA))"
347,active installbase,3,Weekly,TRUE,Github Link - Not Yet Added,FALSE,TRUE,Good,9,260,All Active Install base units,NA,,10/18/2023 2:44 AM,"B, Vinutha (Global Marketing Analytics(GMA))"
348,response data from athena,3,Daily,TRUE,,FALSE,TRUE,Good,9,234,Response data for DataMart,https://github.hpe.com/hpe/osrm/blob/main/code/Response_Datamart.sql,,10/18/2023 2:44 AM,"B, Vinutha (Global Marketing Analytics(GMA))"
349,aql viz layer fact table,16,Weekly,TRUE,egig_Frank_15day.DML_IDM_COMMOM_DIM_COUNTRY_Dev_Stg_Fact_VL,FALSE,TRUE,Good,9,291,AQL vizualization layer fact table,https://github.hpe.com/schandra/insights_driven_marketing/tree/main/dml_idm_dev/AQL,,10/18/2023 2:44 AM,"B, Vinutha (Global Marketing Analytics(GMA))"
350,revenue coverage optimization,8,Yearly,TRUE,This process is a yearly request. The report get generated using Orbit table and being used byB2B eComm team.,FALSE,TRUE,Good,9,256,RCO is process which identify the top product which cover the 95% of order value.,https://github.hpe.com/pankajk/RCO,,10/18/2023 2:44 AM,"B, Vinutha (Global Marketing Analytics(GMA))"
351,custid to opsi mapping v2,3,Daily,TRUE,Github Link - Not Yet Added,FALSE,TRUE,Broken,9,265,CustID to OPSI mapping.,NA,10-06-2023,10/18/2023 2:44 AM,"B, Vinutha (Global Marketing Analytics(GMA))"
352,hpcom usr sv country lang metrics details,8,More than once a day,FALSE,GitHub Link - Not Yet Added and Original Process Title was : hpcom_usr.sv_country_lang_metrics_details,FALSE,TRUE,Broken,8,294,Not Yet Added,NA,1/17/2024,1/22/2024 9:04 AM,"Muthyala, Vishruth (Global Marketing Analytics)"
353,drift chat final tables,8,Weekly,TRUE,Github Link - Not Yet Added,FALSE,FALSE,Good,9,252,HPE.com chat platform data from Drift formatted,NA,,10/18/2023 2:44 AM,"B, Vinutha (Global Marketing Analytics(GMA))"
354,uc reporting email visualization,8,Weekly,TRUE,"Softbounces table(egig_Frank_15day.rELQ_soft_bounceback1)was missing from upstream table added the same to missing list.

Orginial Process title was : uc reporting - email visualization",FALSE,TRUE,Good,15,255,Final tables for PBI Email tabs,https://github.hpe.com/schandra/insights_driven_marketing/tree/main/dml_idm_dev/email,,10/18/2023 2:44 AM,"B, Vinutha (Global Marketing Analytics(GMA))"
355,master custid to party mapping,3,Weekly,TRUE,GitHub Link - Not Yet Added,FALSE,TRUE,Good,9,266,Mapping of EDW customer ID to Party ID.,NA,,10/18/2023 2:44 AM,"B, Vinutha (Global Marketing Analytics(GMA))"
356,gl orders data,8,Quarterly,TRUE,Orginial Process title was : gl_orders_data-2,FALSE,TRUE,Broken,9,274,Not Yet Added,https://github.hpe.com/hpe/Customer_Analytics/tree/main/GL%20Orders%20Cube,1/19/2024,2/13/2024 5:15 AM,"K Nagaraj, Kirubakaran"
357,opportunities datamart,8,Daily,TRUE,,FALSE,TRUE,Good,11,234,Opportunities datamart.,https://github.hpe.com/hpe/osrm/blob/main/code/Opportunities_MG.sql,,10/18/2023 2:44 AM,"B, Vinutha (Global Marketing Analytics(GMA))"
358,paid media all digital master,16,More than once a week,TRUE,,FALSE,TRUE,Good,14,291,Paid media Transform the data with All Campaigns.,https://github.hpe.com/schandra/insights_driven_marketing/tree/main/dml_idm_dev/media,,10/18/2023 2:44 AM,"B, Vinutha (Global Marketing Analytics(GMA))"
359,legacy mdm hierarchy,8,Weekly,TRUE,,TRUE,FALSE,Good,9,265,Legacy MDM hierarchy,NA,11-06-2023,11-06-2023 23:54,"B, Vinutha (Global Marketing Analytics(GMA))"
360,master id mapping,4,Daily,TRUE,"GitHub Link ""Not Yet Added""",FALSE,TRUE,Bad,9,266,Legacy MDM hierarchy.,NA,11-06-2023,11-06-2023 23:54,"B, Vinutha (Global Marketing Analytics(GMA))"
361,ras product hierarchy,8,Monthly,TRUE,,FALSE,FALSE,Good,9,280,RAS product hierarchy,https://github.hpe.com/hpe/osrm/blob/main/code/product_hierarchy.sql,,1/22/2024 11:00 AM,"Glander, Michael"
362,digital to pipe,5,Monthly,TRUE,We received HVA files from Palani as a excel format,FALSE,TRUE,Good,9,248,"To model & forecast Customer Demand Signals from Digital Actions of Customers/ Prospects; thereby, enabling Marketing to take remedial actions pre-emptively",https://github.hpe.com/ashis-mondal/Digital_To_Pipe,,10/18/2023 2:44 AM,"B, Vinutha (Global Marketing Analytics(GMA))"
363,persona influence automation cdpc,14,Yearly,TRUE,,FALSE,TRUE,Good,9,279,influence of HPE marketing personas on digital engagement and sales opportunity creation,https://github.hpe.com/liliz/Persona-Influence,,01-05-2024 13:48,"Zhang, Lili"
364,digital campaign paid and organic media master data,16,Weekly,TRUE,,FALSE,TRUE,Good,15,291,Paidmedia and Organic Search data for Digital Campaign,https://github.hpe.com/schandra/insights_driven_marketing/tree/main/dml_idm_dev/media,,10/18/2023 2:44 AM,"B, Vinutha (Global Marketing Analytics(GMA))"
365,paid media qliksense dashboard all campaign,7,More than once a week,TRUE,"Dashboard Name: Paid Media Dashboard (AWS) and Qliksense Link: https://qlik-sense-cp-prd.its.hpecorp.net/internal/sense/app/9e2805e1-e6bd-4af0-866c-fee47a1388b8/overview
GitHub Link : Not Yet Added",FALSE,TRUE,Good,17,291,Paid media Qliksense Dashboard all Campaign,https://github.hpe.com/schandra/insights_driven_marketing/tree/main/dml_idm_dev/media,,01-08-2024 21:01,"K Nagaraj, Kirubakaran"
366,pan hpe new logo,8,Monthly,TRUE,,FALSE,TRUE,Good,9,241,Monthly Tracking of Pan HPE New Logo Wins for CMOD,https://github.hpe.com/hpe/cmo_dashboard/tree/main/cmod_new_logos,,1/22/2024 1:22 AM,"K Nagaraj, Kirubakaran"
367,203222 cde gma data mart digital signals datamart,4,More than once a day,TRUE,Updated Github.,FALSE,TRUE,Broken,9,278,Digital Signals Datamart,https://github.hpe.com/hpe/Digital_Signals,10-06-2023,12/20/2023 9:46 PM,"Durairaj, Prabhu"
368,DnB master table,3,Monthly,TRUE,The cdr_p_bus_sum.sitehist_agg_v is an upstream to this process but was removed to handle circular dependency with dbww process.,FALSE,TRUE,Broken,9,251,D&B Aggregate table.,https://github.hpe.com/hpe/osrm/blob/main/code/dbww_agg.sql,10-06-2023,1/22/2024 8:52 AM,"Agarwal, Tarun Kumar"
369,aql viz layer opty value,16,Weekly,TRUE,,FALSE,TRUE,Good,15,291,provide opportunity value to AQL Dashboard,https://github.hpe.com/schandra/insights_driven_marketing/tree/main/dml_idm_dev/AQL,,10/18/2023 2:44 AM,"B, Vinutha (Global Marketing Analytics(GMA))"
370,dnb intent weekly,6,Weekly,TRUE,,FALSE,TRUE,Broken,9,242,Intent data can make account-based sales and marketing campaigns more effective,https://github.hpe.com/vishruth-muthyala/DnB_Intent,10-06-2023,1/22/2024 3:16 AM,"G, Sreejith (Global Marketing Analytics(GMA))"
371,sitehist aggregate,3,Daily,TRUE,,FALSE,TRUE,Broken,9,277,EDW transactional data aggregated to customer ID.,https://github.hpe.com/hpe/osrm/blob/main/code/Sitehist_Agg.sql,10-06-2023,10/18/2023 2:44 AM,"B, Vinutha (Global Marketing Analytics(GMA))"
372,knowme dvi,6,Daily,TRUE,Github Link : Not Yet Added,FALSE,TRUE,Broken,9,294,Not Yet Added,NA,10-06-2023,10/18/2023 2:44 AM,"B, Vinutha (Global Marketing Analytics(GMA))"
373,name matching engine,3,Quarterly,TRUE,Web address for this application ---- http://p1wg510413.dc01.its.hpecorp.net:8501/,FALSE,TRUE,Broken,9,270,Find the close match of SDUNS based on Name and Address input,https://github.hpe.com/pankajk/Name-Matching-Engine,10-06-2023,10/18/2023 2:44 AM,"B, Vinutha (Global Marketing Analytics(GMA))"
374,sduns prospect,8,Weekly,TRUE,,FALSE,TRUE,Broken,9,294,Not Yet Added,https://github.hpe.com/schandra/prospect_ptb/tree/main/prospect_v4_sduns/production_v4_5,10-06-2023,10/18/2023 2:44 AM,"B, Vinutha (Global Marketing Analytics(GMA))"
375,dvi,6,Weekly,TRUE,,FALSE,TRUE,Broken,8,253,Not Yet Provided,https://github.hpe.com/schandra/digital_topic/tree/main/dvi3,10-06-2023,02-06-2024 07:51,"Chandra, Swarup"
376,cloud metrics,6,Monthly,TRUE,Github Link Added,FALSE,TRUE,Broken,9,242,"Helps the organizations to detect, monitor, and respond to various changes in costs, security, and performance of their cloud environments",https://github.hpe.com/vishruth-muthyala/domains-accountid/blob/master/STID-domains.sql,10-06-2023,2/28/2024 12:58 AM,"Muthyala, Vishruth (Global Marketing Analytics)"
377,prodhist aggregate,3,Daily,TRUE,,FALSE,TRUE,Broken,9,277,"Transaction history aggregate table, by cust ID, SKU, and fiscal qtr.",https://github.hpe.com/hpe/osrm/blob/main/code/Prodhist_Agg.sql,10-06-2023,10/18/2023 2:44 AM,"B, Vinutha (Global Marketing Analytics(GMA))"
378,propensity2primera,4,Weekly,TRUE,,FALSE,TRUE,Broken,9,283,Primera PTB Model,https://github.hpe.com/nareshk/propensity2primera,10-06-2023,10/18/2023 2:44 AM,"B, Vinutha (Global Marketing Analytics(GMA))"
379,workloads presence,6,Monthly,TRUE,,FALSE,TRUE,Broken,9,293,"Indicative presence of Workloads (Software, Platform etc) on an Account's Infrastructure",https://github.hpe.com/Marketing-DataScience-Modelling/WorkloadsEncyclopedia,10-06-2023,02-01-2024 07:12,"Muthyala, Vishruth (Global Marketing Analytics)"
380,derived end customer mapping,4,Daily,FALSE,GitHub Link : Not Yet Added,FALSE,TRUE,Broken,9,265,Legacy Cust ID mapping.,NA,10-06-2023,10/18/2023 2:44 AM,"B, Vinutha (Global Marketing Analytics(GMA))"
381,uduns prospect,8,Weekly,TRUE,,FALSE,TRUE,Broken,9,287,This project is used to prioritize prospect accounts on their propensity to generate a qualified opportunity within a growth area.,https://github.hpe.com/schandra/prospect_ptb/tree/main/prospect_v3_uduns/production_v3_2,10-06-2023,02-01-2024 20:29,"Muthyala, Vishruth (Global Marketing Analytics)"
382,203222 cmn competitor installed base comp ib new,8,Weekly,TRUE,Github Link - Added,FALSE,TRUE,Broken,9,242,Helps to identify the competitive intelligence at sduns,https://github.hpe.com/hpe/Compib,10-06-2023,1/17/2024 11:23 PM,"G, Sreejith (Global Marketing Analytics(GMA))"
383,propensity2ns,4,Weekly,TRUE,,FALSE,TRUE,Broken,9,283,NonStop PTB Model,https://github.hpe.com/nareshk/propensity2ns,10-06-2023,10/18/2023 2:44 AM,"B, Vinutha (Global Marketing Analytics(GMA))"
384,ptb recommendation prospects uduns,6,Weekly,FALSE,Github Link - Not Yet Added,FALSE,TRUE,Broken,9,287,PTB Prospects Model built over Prospects DVI model,NA,10-06-2023,02-01-2024 20:24,"Muthyala, Vishruth (Global Marketing Analytics)"
385,propensity2mapr,4,Weekly,FALSE,Github Link : Not Yet Added,FALSE,TRUE,Broken,9,283,Propensity2Mapr Revenue Predictive Model,NA,10-06-2023,3/21/2024 12:02 AM,"Agarwal, Tarun Kumar"
386,propensity2sd,4,Weekly,TRUE,,FALSE,TRUE,Broken,9,283,Superdome PTB Model,https://github.hpe.com/nareshk/propensity2sdflex,10-06-2023,10/18/2023 2:44 AM,"B, Vinutha (Global Marketing Analytics(GMA))"
387,propensity23par,4,Weekly,TRUE,,FALSE,TRUE,Broken,9,283,3Par PTB Model,https://github.hpe.com/nareshk/propensity23par,10-06-2023,10/18/2023 2:44 AM,"B, Vinutha (Global Marketing Analytics(GMA))"
388,propensity2apollo,4,Weekly,TRUE,Github Link : Not Yet Added,FALSE,TRUE,Broken,9,283,Product Propensity Predictive Model,https://github.hpe.com/vishruth-muthyala/propensity2apollo,10-06-2023,1/19/2024 3:07 AM,"Muthyala, Vishruth (Global Marketing Analytics)"
389,ptb models party id,8,Weekly,TRUE,,FALSE,TRUE,Broken,9,283,PTB Models - party id,https://github.hpe.com/hpe/propensity2npr/tree/production/propensity2partyidnpr,10-06-2023,03-05-2024 23:42,"Muduli, Punya Sloka"
390,ptb recommendation mdcp dataprep,4,Weekly,TRUE,,FALSE,TRUE,Broken,9,283,Propensity to Products model at MDCP Level,https://github.hpe.com/anand-kumaresh-k/prop2pipe_mdcp,10-06-2023,3/21/2024 6:50 AM,"Agarwal, Tarun Kumar"
391,aql lead propensity,8,Daily,FALSE,,FALSE,TRUE,Broken,11,233,Not Yet Added,https://github.hpe.com/liliz/Lead-Scoring-Model/tree/master/AQL_production_codes,10-06-2023,10/18/2023 2:44 AM,"B, Vinutha (Global Marketing Analytics(GMA))"
392,propensity2alletra,4,Weekly,TRUE,,FALSE,TRUE,Broken,9,283,Alletra PTB Model,https://github.hpe.com/nareshk/propencity2aruba,10-06-2023,10/18/2023 2:44 AM,"B, Vinutha (Global Marketing Analytics(GMA))"
393,ptb models aruba,14,Monthly,TRUE,,FALSE,TRUE,Broken,9,284,PTB Models - Aruba,https://github.hpe.com/nareshk/propencity2aruba,10-06-2023,11/28/2023 12:15 AM,"B, Vinutha (Global Marketing Analytics(GMA))"
394,cic model,14,Monthly,TRUE,Github Link : Not Yet Added,FALSE,TRUE,Broken,9,238,CIC - Text mining,NA,10-06-2023,10/18/2023 2:44 AM,"B, Vinutha (Global Marketing Analytics(GMA))"
395,os contracts,8,Yearly,TRUE,Github Link : Not Yet Added,FALSE,TRUE,Broken,9,275,Operational Services Eligible Base,NA,10-06-2023,10/18/2023 2:44 AM,"B, Vinutha (Global Marketing Analytics(GMA))"
396,ptb models cslv,14,Weekly,TRUE,,FALSE,TRUE,Broken,9,285,Customer Sales lifetime value,NA,10-06-2023,11/28/2023 12:15 AM,"B, Vinutha (Global Marketing Analytics(GMA))"
397,propensity2computevolume,4,Weekly,TRUE,,FALSE,TRUE,Broken,9,283,Compute Volume PTB Model,https://github.hpe.com/nareshk/Compute-Volume-master,10-06-2023,10/18/2023 2:44 AM,"B, Vinutha (Global Marketing Analytics(GMA))"
398,knowme contact account activity,6,Daily,TRUE,Github Link : Not Yet Added,FALSE,TRUE,Broken,9,294,Not Yet Added,NA,10-06-2023,10/18/2023 2:44 AM,"B, Vinutha (Global Marketing Analytics(GMA))"
399,propensity2storage,5,Weekly,TRUE,,FALSE,TRUE,Broken,9,283,P2P Storage Model,https://github.hpe.com/Marketing-DataScience-Modelling/propensity2storage,10-06-2023,10/18/2023 2:44 AM,"B, Vinutha (Global Marketing Analytics(GMA))"
400,propensity2cray,4,Weekly,TRUE,,FALSE,TRUE,Broken,9,283,Cray PTB Model,https://github.hpe.com/nareshk/propensity2cray,10-06-2023,10/18/2023 2:44 AM,"B, Vinutha (Global Marketing Analytics(GMA))"
401,propensity2ezmeral,4,Weekly,TRUE,,FALSE,TRUE,Broken,9,283,Process available at STID level for Ezmeral PTB,https://github.hpe.com/hpe/Propensity2Ezmeral,10-06-2023,1/19/2024 3:25 AM,"Muthyala, Vishruth (Global Marketing Analytics)"
402,propensity2greenlakegpi,4,Weekly,TRUE,,FALSE,TRUE,Broken,9,286,Part of Greenlake PTB Model,https://github.hpe.com/hpe/GreenLakePropensity4.0,10-06-2023,1/19/2024 3:12 AM,"Muthyala, Vishruth (Global Marketing Analytics)"
403,propensity2gen10,4,More than once a day,TRUE,,FALSE,TRUE,Broken,11,283,Gen 10 PTB Model,https://github.hpe.com/nareshk/propensity2gen10,10-06-2023,10/18/2023 2:44 AM,"B, Vinutha (Global Marketing Analytics(GMA))"
404,propensity2synergy,3,Weekly,TRUE,GitHub Link : Not Yet Added,FALSE,TRUE,Broken,9,283,Propensity Model at stid level,NA,10-06-2023,1/19/2024 3:16 AM,"Muthyala, Vishruth (Global Marketing Analytics)"
405,propensity2hyperconverged,4,Weekly,TRUE,,FALSE,TRUE,Broken,9,283,Hyperconverged PTB Model,https://github.hpe.com/nareshk/MCS-2020,10-06-2023,10/18/2023 2:44 AM,"B, Vinutha (Global Marketing Analytics(GMA))"
406,propensity2bluedata,4,Weekly,FALSE,GitHub Link : Not Yet Added,FALSE,TRUE,Broken,9,294,Not Yet Added,NA,10-06-2023,12-05-2023 00:53,"Muthyala, Vishruth (Global Marketing Analytics)"
407,propensity2new nimble model,4,Weekly,TRUE,Github Link - Not Yet Added,FALSE,TRUE,Broken,9,283,Nimble PTB Model,NA,10-06-2023,10/18/2023 2:44 AM,"B, Vinutha (Global Marketing Analytics(GMA))"
408,aam base,8,Quarterly,FALSE,Github Link - Not Yet Added,FALSE,TRUE,Broken,9,229,ABM base,NA,10-06-2023,10/18/2023 2:44 AM,"B, Vinutha (Global Marketing Analytics(GMA))"
409,ptb recommendation mdcp model,9,Weekly,TRUE,,FALSE,TRUE,Broken,9,283,Propensity to MDCP Product Model,https://github.hpe.com/anand-kumaresh-k/prop2pipe_mdcp,10-06-2023,3/21/2024 6:50 AM,"Agarwal, Tarun Kumar"
410,accountpropensityscores,4,Weekly,TRUE,Github Link - Not Yet Added,FALSE,TRUE,Broken,9,294,consolidation intermediate table for PTB Recommendation process,NA,10-06-2023,1/19/2024 2:59 AM,"Muthyala, Vishruth (Global Marketing Analytics)"
411,203222 cde gma data mart gc contact table,8,Daily,TRUE,Github Link - updated.,FALSE,FALSE,Broken,9,243,Golden Contact table ( i.e. Consolidated table),https://github.hpe.com/hpe/marketing_contacts/tree/main/Golden_Contact_SQL,10-06-2023,3/21/2024 6:45 AM,"Agarwal, Tarun Kumar"
412,ptb recommendation stid,3,Weekly,TRUE,,FALSE,TRUE,Broken,9,283,Propensity Model at STID Level,https://github.hpe.com/vishruth-muthyala/PTB_Recommendation,10-06-2023,2/15/2024 11:57 PM,"Muthyala, Vishruth (Global Marketing Analytics)"
413,eloqua datamart,8,Daily,TRUE,,FALSE,TRUE,Broken,11,278,Aggregate data from Eloqua.,https://github.hpe.com/hpe/osrm/blob/main/code/Eloqua_datamart.sql,10-06-2023,10/18/2023 2:44 AM,"B, Vinutha (Global Marketing Analytics(GMA))"
414,content syndication,8,Weekly,TRUE,"additional Data Sources: DML_IDM_COMMOM_DIM_Date_Dev_Stg_Fact_VL,  00_result_CC.csv,",FALSE,TRUE,Broken,9,291,Viz layer for Content Syndication Dashboard,https://github.hpe.com/schandra/insights_driven_marketing/tree/main/dml_idm_dev/Content_Syndication,10-06-2023,10/18/2023 2:44 AM,"B, Vinutha (Global Marketing Analytics(GMA))"
415,gpi,8,Weekly,TRUE,"Github Link - Not Yet Added
cdr_p_bus_sum.aam_g7_gl;  cdr_p_bus_sum.ak_workload_console_stid;  CDR_P_BUS_SUM.HPE_6Sense_MID_TO_STID;  CDR_P_BUS_SUM.HPE_6Sense_MID;  cdr_p_bus_sum.VM_uduns_scores_and_rec_superset_2021_historical;",FALSE,TRUE,Broken,9,286,Greenlake Propensity Index Predictive Model,https://github.hpe.com/hpe/GreenLakePropensity4.0,10-06-2023,1/19/2024 3:01 AM,"Muthyala, Vishruth (Global Marketing Analytics)"
416,explainable ai,9,Weekly,TRUE,egig_App_IBSV.PANHPE_CLEAN_CUSTOMER_v,FALSE,TRUE,Broken,9,257,Business logic enables explanation of PTB recommendation,https://github.hpe.com/hpe/xAI,10-06-2023,10/18/2023 2:44 AM,"B, Vinutha (Global Marketing Analytics(GMA))"
417,AnPS TPI and PPI models,3,Bi-Weekly,TRUE,Orders data is coming from Pointnext cube. (This process also has cdr_p_bus_sum.vm_stid_scores_and_rec_superset_2021 as an upstream table but had to be removed due to circular dependency.),FALSE,TRUE,Broken,9,282,This process involves predicting the Transformation account and A&PS practice levels at the STID level.,https://github.hpe.com/pankajk/TPI,10-06-2023,10/18/2023 2:44 AM,"B, Vinutha (Global Marketing Analytics(GMA))"
419,stid npr,8,Weekly,FALSE,,FALSE,TRUE,Broken,9,294,Not Yet Added,https://github.hpe.com/schandra/npr_prod/tree/master/npr_prod_v5/production_v5_1,10-06-2023,10/18/2023 2:44 AM,"B, Vinutha (Global Marketing Analytics(GMA))"
420,ptb models hpe greenlake,16,Quarterly,TRUE,Github Link - Not Yet Added,FALSE,TRUE,Broken,9,286,HPE GREENLAKE PROPENSITY MODEL FRAMEWORK,NA,10-06-2023,10/18/2023 2:44 AM,"B, Vinutha (Global Marketing Analytics(GMA))"
421,ptb recommendation mdcp,3,Weekly,TRUE,,FALSE,TRUE,Broken,9,283,Propensity to MDCP Product Model,https://github.hpe.com/vishruth-muthyala/PTB_Recommendation,10-06-2023,3/21/2024 6:49 AM,"Agarwal, Tarun Kumar"
422,content syndication uc dashboard,15,Weekly,TRUE,Github Link - Not Yet Added,FALSE,TRUE,Broken,16,291,UC Dashboard Content Syndication,NA,10-06-2023,03-07-2024 07:13,"Lara, Victor"
423,abm ucbase,8,Quarterly,TRUE,Github Link - Not Yet Added,FALSE,TRUE,Broken,11,229,ABM UC base for campaign targeting,NA,10-06-2023,10/18/2023 2:44 AM,"B, Vinutha (Global Marketing Analytics(GMA))"
424,ptb recommendation oneparty view,8,Weekly,FALSE,Github Link - Not Yet Added,FALSE,TRUE,Broken,9,294,Not Yet Added,NA,10-06-2023,1/19/2024 2:38 AM,"Muthyala, Vishruth (Global Marketing Analytics)"
425,uc reporting common dimension,8,Weekly,TRUE,,FALSE,TRUE,Broken,9,291,Web tables for UC Campaigns,NA,10-06-2023,10/18/2023 2:44 AM,"B, Vinutha (Global Marketing Analytics(GMA))"
426,uc reporting email,8,Weekly,TRUE,Github Link - Not Yet Added,FALSE,TRUE,Broken,15,291,Email data for uc reporting,NA,10-06-2023,10/18/2023 2:44 AM,"B, Vinutha (Global Marketing Analytics(GMA))"
427,uc reporting web pivot,8,Weekly,TRUE,Github Link - Not Yet Added,FALSE,TRUE,Broken,8,291,Web tables for UC reporting,NA,10-06-2023,12/13/2023 7:35 AM,"Chandra, Swarup"
428,uc reporting web visualization,8,Weekly,TRUE,Github Link - Not Yet Added,FALSE,TRUE,Broken,15,291,Final tables for PBI web views,NA,10-06-2023,10/18/2023 2:44 AM,"B, Vinutha (Global Marketing Analytics(GMA))"
429,aql marketing flags viz layer,16,More than once a day,TRUE,idm.src_dml_idm_dc_account_mediacoverage_placementid,FALSE,TRUE,Broken,11,291,Create Marketing flags for AQL Dashboard,https://github.hpe.com/schandra/insights_driven_marketing/tree/main/dml_idm_dev/AQL,10-06-2023,10/18/2023 2:44 AM,"B, Vinutha (Global Marketing Analytics(GMA))"
430,Drift,8,Daily,TRUE,,TRUE,FALSE,Good,9,298,L0 Process covering Frank tables for Drift data,NA,,1/21/2024 11:11 PM,"Muthyala, Vishruth (Global Marketing Analytics)"
431,Aberdeen,8,Monthly,TRUE,,TRUE,FALSE,Good,9,298,L0 Process covering Frank tables for Aberdeen data,NA,,1/21/2024 11:11 PM,"Muthyala, Vishruth (Global Marketing Analytics)"
432,Aprimo,8,More than once a day,TRUE,,TRUE,FALSE,Good,9,298,L0 Process covering Frank tables for Aprimo data,NA,,1/19/2024 2:00 AM,"Ali, Mohd Yusuf"
433,Aruba 6Sense,8,Daily,TRUE,,TRUE,FALSE,Good,9,298,L0 Process covering Frank tables for Aruba 6Sense data,NA,,1/21/2024 11:11 PM,"Muthyala, Vishruth (Global Marketing Analytics)"
434,Content Insight Metrics Monthly,8,Monthly,TRUE,,TRUE,FALSE,Good,9,298,L0 Process covering Frank tables for Content Insight Metrics data,NA,,10/24/2023 10:44 PM,"B, Vinutha (Global Marketing Analytics(GMA))"
435,Content Insight Metrics Half Yearly,8,Half-Yearly,TRUE,,TRUE,FALSE,Good,9,298,L0 Process covering Frank tables for Content Insight Metrics data,NA,,10/24/2023 10:45 PM,"B, Vinutha (Global Marketing Analytics(GMA))"
436,DAM Marketing Assets,8,Yearly,TRUE,,TRUE,FALSE,Good,9,298,L0 Process covering Frank tables for DAM Marketing Assets data,NA,,1/21/2024 11:11 PM,"Muthyala, Vishruth (Global Marketing Analytics)"
437,Discoverorg Monthly,8,Monthly,TRUE,,TRUE,FALSE,Good,9,298,L0 Process covering Frank tables for Discoverorg data,NA,,10/24/2023 10:42 PM,"B, Vinutha (Global Marketing Analytics(GMA))"
438,Discoverorg Yearly,8,Yearly,TRUE,,TRUE,FALSE,Good,9,298,L0 Process covering Frank tables for Discoverorg data,NA,,10/24/2023 10:43 PM,"B, Vinutha (Global Marketing Analytics(GMA))"
439,DMaster,8,Yearly,TRUE,,TRUE,FALSE,Good,9,298,L0 Process covering Frank tables for DMaster data,NA,,1/21/2024 11:11 PM,"Muthyala, Vishruth (Global Marketing Analytics)"
440,DoubleClick,8,Daily,TRUE,,TRUE,FALSE,Good,9,298,L0 Process covering Frank tables for DoubleClick data,NA,,1/21/2024 11:12 PM,"Muthyala, Vishruth (Global Marketing Analytics)"
441,EAP SLS Pipeline Weekly,8,Weekly,TRUE,,TRUE,FALSE,Good,9,298,L0 Process covering Frank tables for EAP SLS Pipeline data,NA,,1/21/2024 11:11 PM,"Muthyala, Vishruth (Global Marketing Analytics)"
442,EAP SLS Pipeline Monthly,8,Monthly,TRUE,,TRUE,FALSE,Good,9,298,L0 Process covering Frank tables for EAP SLS Pipeline data,NA,,1/21/2024 11:11 PM,"Muthyala, Vishruth (Global Marketing Analytics)"
443,eCalendar,8,Yearly,TRUE,,TRUE,FALSE,Good,9,298,L0 Process covering Frank tables for eCalendar data,NA,,1/21/2024 11:11 PM,"Muthyala, Vishruth (Global Marketing Analytics)"
444,ELOQUA Aruba,8,Daily,TRUE,,TRUE,FALSE,Good,9,298,L0 Process covering Frank tables for ELOQUA Aruba data,NA,,1/21/2024 11:11 PM,"Muthyala, Vishruth (Global Marketing Analytics)"
445,ELOQUA HPE,8,More than once a day,TRUE,,TRUE,FALSE,Good,9,298,L0 Process covering Frank tables for ELOQUA HPE data,NA,,1/21/2024 11:11 PM,"Muthyala, Vishruth (Global Marketing Analytics)"
446,GRM,8,Daily,TRUE,,TRUE,FALSE,Good,9,298,L0 Process covering Frank tables for GRM data,NA,,1/21/2024 11:12 PM,"Muthyala, Vishruth (Global Marketing Analytics)"
447,HG Insights,8,monthly,TRUE,,TRUE,FALSE,Good,9,298,L0 Process covering Frank tables for HG Insights data,NA,,1/21/2024 11:12 PM,"Muthyala, Vishruth (Global Marketing Analytics)"
448,HG,8,Monthly,TRUE,,TRUE,FALSE,Good,9,298,L0 Process covering Frank tables for HG data,NA,,1/21/2024 11:12 PM,"Muthyala, Vishruth (Global Marketing Analytics)"
449,HPE 6Sense,8,Daily,TRUE,,TRUE,FALSE,Good,9,298,L0 Process covering Frank tables for HPE 6Sense data,NA,,1/21/2024 11:12 PM,"Muthyala, Vishruth (Global Marketing Analytics)"
450,HPE GreenLake Test Drive Attendee Data,8,Yearly,TRUE,,TRUE,FALSE,Good,9,298,L0 Process covering Frank tables for HPE GreenLake Test Drive Attendee Data data,NA,,1/21/2024 11:12 PM,"Muthyala, Vishruth (Global Marketing Analytics)"
451,HPE Media Weekly,8,More than once a week,TRUE,,TRUE,FALSE,Good,9,298,L0 Process covering Frank tables for HPE Media data,NA,,1/21/2024 11:12 PM,"Muthyala, Vishruth (Global Marketing Analytics)"
452,HPE Media Yearly,8,Yearly,TRUE,,TRUE,FALSE,Good,9,298,L0 Process covering Frank tables for HPE Media data,NA,,1/21/2024 11:12 PM,"Muthyala, Vishruth (Global Marketing Analytics)"
453,JUMP ID,8,Daily,TRUE,,TRUE,FALSE,Good,9,298,L0 Process covering Frank tables for JUMP ID data,NA,,1/21/2024 11:12 PM,"Muthyala, Vishruth (Global Marketing Analytics)"
454,LIVERAMP Weekly,8,Weekly,TRUE,,TRUE,FALSE,Good,9,298,L0 Process covering Frank tables for LIVERAMP data,NA,,1/21/2024 11:12 PM,"Muthyala, Vishruth (Global Marketing Analytics)"
455,LIVERAMP Daily,8,Daily,TRUE,,TRUE,FALSE,Good,9,298,L0 Process covering Frank tables for LIVERAMP data,NA,,1/21/2024 11:12 PM,"Muthyala, Vishruth (Global Marketing Analytics)"
456,LIVERAMP Monthly,8,Monthly,TRUE,,TRUE,FALSE,Good,9,298,L0 Process covering Frank tables for LIVERAMP data,NA,,1/21/2024 11:12 PM,"Muthyala, Vishruth (Global Marketing Analytics)"
457,LIVERAMP Yearly,8,Yearly,TRUE,,TRUE,FALSE,Good,9,298,L0 Process covering Frank tables for LIVERAMP data,NA,,1/21/2024 11:12 PM,"Muthyala, Vishruth (Global Marketing Analytics)"
458,Madison Account Engagement ML,8,Yearly,TRUE,,TRUE,FALSE,Good,9,298,L0 Process covering Frank tables for Madison Account Engagement ML data,NA,,1/21/2024 11:12 PM,"Muthyala, Vishruth (Global Marketing Analytics)"
459,Marketo,8,Daily,TRUE,,TRUE,FALSE,Good,9,298,L0 Process covering Frank tables for Marketo data,NA,,1/21/2024 11:13 PM,"Muthyala, Vishruth (Global Marketing Analytics)"
460,Mpass Daily,8,Daily,TRUE,,TRUE,FALSE,Good,9,298,L0 Process covering Frank tables for Mpass data,NA,,1/21/2024 11:13 PM,"Muthyala, Vishruth (Global Marketing Analytics)"
461,Mpass Yearly,8,Yearly,TRUE,,TRUE,FALSE,Good,9,298,L0 Process covering Frank tables for Mpass data,NA,,1/21/2024 11:13 PM,"Muthyala, Vishruth (Global Marketing Analytics)"
462,Pathfactory,8,Daily,TRUE,,TRUE,FALSE,Good,9,298,L0 Process covering Frank tables for Pathfactory data,NA,,1/21/2024 11:13 PM,"Muthyala, Vishruth (Global Marketing Analytics)"
463,PrivacyAlerts NonMarketo,8,Daily,TRUE,,TRUE,FALSE,Good,9,298,L0 Process covering Frank tables for PrivacyAlerts NonMarketo data,NA,,1/21/2024 11:13 PM,"Muthyala, Vishruth (Global Marketing Analytics)"
464,Solr APIData,8,Weekly,TRUE,,TRUE,FALSE,Good,9,298,L0 Process covering Frank tables for Solr APIData data,NA,,1/21/2024 11:13 PM,"Muthyala, Vishruth (Global Marketing Analytics)"
465,CDPC,8,Daily,TRUE,,TRUE,FALSE,Good,9,298,L0 Process covering Frank tables for CDPC data,NA,,1/21/2024 11:13 PM,"Muthyala, Vishruth (Global Marketing Analytics)"
466,Profound Raw Data,14,Quarterly,TRUE,,TRUE,TRUE,Good,9,281,Helps to identify the cloud infrastructure presence at duns level - Raw data,NA,,1/22/2024 3:28 AM,"G, Sreejith (Global Marketing Analytics(GMA))"
467,Profound Data STID Level,3,Quarterly,TRUE,,FALSE,TRUE,Good,9,281,Profound Data identified at the STID level,NA,,1/22/2024 3:29 AM,"G, Sreejith (Global Marketing Analytics(GMA))"
468,Sales Segmentation,8,Yearly,TRUE,,TRUE,FALSE,Good,9,295,Build on Sales Segmentation file received on yearly basis.,https://github.hpe.com/hpe/Customer_Analytics/tree/main/Sales%20Segmentation,,11-09-2023 22:43,"Ali, Mohd Yusuf"
469,STID Segmentation,8,Yearly,TRUE,,FALSE,FALSE,Good,9,295,STID Segmentation build on the table generated from the Sales Segmentation Excel file,https://github.hpe.com/hpe/Customer_Analytics/tree/main/Sales%20Segmentation,,11/20/2023 8:26 AM,"Muthyala, Vishruth (Global Marketing Analytics)"
470,CSDB AA Reporting,8,Daily,TRUE,,TRUE,FALSE,Good,8,240,New CSDB table containing web data,NA,,12-05-2023 10:23,"Chandra, Swarup"
471,Prospect PTB,"4,9,8",Monthly,TRUE,,FALSE,TRUE,Broken,9,287,"The prospect model scores are developed 6 BUs. Compute, HPC, Storage, Aruba, GreenLake and A&PS.",https://github.hpe.com/hpe/Propensity2ProspectModel,02-06-2024,02-06-2024 22:58,"Muthyala, Vishruth (Global Marketing Analytics)"
472,propensity2partyidglptl,"4,5",Monthly,TRUE,GL Potential Model at Party_id label,FALSE,TRUE,Broken,9,286,GL Potential Model at Party_id label,https://github.hpe.com/hpe/propensity2buy/tree/main/propensity2partyidglptl,2/15/2024,2/15/2024 5:06 AM,"B, Vinutha (Global Marketing Analytics(GMA))"
473,propensity2stidnpr,5,Weekly,TRUE,,FALSE,FALSE,Broken,9,283,propensity2stidnpr,https://github.hpe.com/hpe/propensity2npr/tree/production/propensity2stidnpr,2/15/2024,03-05-2024 23:33,"Muduli, Punya Sloka"
474,GL Orders Insight,14,Daily,TRUE,,TRUE,FALSE,Good,19,274,HPE Greenlake Order vs budget/flash through the Quarter or search for Order bookings by customer,NA,,2/13/2024 5:05 AM,"K Nagaraj, Kirubakaran"
475,propensity2partyidptl,"4,5",Monthly,TRUE,Currently we have 21 models for which we are running this process,FALSE,FALSE,Broken,9,283,Potential Model at Party_id label,https://github.hpe.com/hpe/propensity2buy/tree/main/propensity2partyidptl,3/13/2024,3/14/2024 10:53 PM,"MONDAL, ASHIS"
476,ESP list,3,Yearly,TRUE,,TRUE,FALSE,Good,9,267,ESP_list_Feb_24,NA,,3/21/2024 2:18 AM,"Mukherjee, Soumitra"
477,FY24 JBP info for Data Packs Reseller,3,Yearly,TRUE,,TRUE,FALSE,Good,9,267,FY24 JBP info for Data Packs Reseller,NA,,3/21/2024 1:24 AM,"Mukherjee, Soumitra"
478,FY24 JBP info for Data Packs Distri,3,Yearly,TRUE,,TRUE,FALSE,Good,9,267,FY24 JBP info for Data Packs_Distri,NA,,3/21/2024 1:27 AM,"Mukherjee, Soumitra"
479,FY23WWPRSPListRawData,3,Yearly,TRUE,,TRUE,FALSE,Good,9,267,FY23_WW_PRSP_List_Raw_Data,NA,,3/21/2024 2:19 AM,"Mukherjee, Soumitra"
480,FY24 AMS PartnersList,3,Half-Yearly,TRUE,,TRUE,FALSE,Good,9,267,FY24_AMS_PartnersList,NA,,3/21/2024 2:20 AM,"Mukherjee, Soumitra"
481,FY24APJPartnersList,3,Half-Yearly,TRUE,,TRUE,FALSE,Good,9,267,FY24_APJ_PartnersList,NA,,3/21/2024 1:37 AM,"Mukherjee, Soumitra"
482,FY24EMEAPartnersList,3,Half-Yearly,TRUE,,TRUE,FALSE,Good,9,267,FY24_EMEA_PartnersList,NA,,3/21/2024 1:39 AM,"Mukherjee, Soumitra"
483,FY24MKTGDPSPLISTSHIV,3,Half-Yearly,TRUE,,TRUE,FALSE,Good,9,267,FY24_MKTG_DP_SP_LIST_SHIV,NA,,3/21/2024 1:42 AM,"Mukherjee, Soumitra"
484,Mega Partner,3,Half-Yearly,TRUE,,TRUE,FALSE,Good,9,267,Mega_Patner,NA,,3/21/2024 1:45 AM,"Mukherjee, Soumitra"
485,MPABMasterFY22History,3,Quarterly,TRUE,,TRUE,FALSE,Good,9,267,MPAB_Master_FY22_History,NA,,3/21/2024 1:49 AM,"Mukherjee, Soumitra"
486,Storage Rangers Feb24,3,Half-Yearly,TRUE,,TRUE,FALSE,Good,9,267,Storage Rangers Feb24,NA,,3/21/2024 1:55 AM,"Mukherjee, Soumitra"
487,WW HPE Partner Ready Vantage partner list,3,Half-Yearly,TRUE,,TRUE,FALSE,Good,9,267,WW_HPE_Partner_Ready_Vantage_partner_list,NA,,3/21/2024 2:12 AM,"Mukherjee, Soumitra"
488,WW PAB 24,3,Half-Yearly,TRUE,,TRUE,FALSE,Good,9,267,WW_PAB_24,NA,,3/21/2024 2:15 AM,"Mukherjee, Soumitra"
489,create pipeline data ingestion,3,Weekly,TRUE,,TRUE,FALSE,Good,9,289,dbo.zzzz_IMPA_Pipeline_Create_Data_Final,NA,,3/21/2024 3:56 AM,"Mukherjee, Soumitra"
490,CMPA Location File FY24,3,Half-Yearly,TRUE,,TRUE,FALSE,Good,9,267,CMPA_Location_File_FY24,NA,,3/21/2024 4:29 AM,"Mukherjee, Soumitra"
